{
  "n": 480,
  "methods": {
    "raw_threshold": {
      "tp": 215,
      "tn": 206,
      "fp": 34,
      "fn": 25,
      "accuracy": 0.8770833333333333,
      "precision": 0.8634538152610441,
      "recall": 0.8958333333333334,
      "f1": 0.8793456032719836
    },
    "uncertainty_gate": {
      "tp": 224,
      "tn": 216,
      "fp": 24,
      "fn": 16,
      "accuracy": 0.9166666666666666,
      "precision": 0.9032258064516129,
      "recall": 0.9333333333333333,
      "f1": 0.9180327868852459
    },
    "causal_residual": {
      "tp": 238,
      "tn": 239,
      "fp": 1,
      "fn": 2,
      "accuracy": 0.99375,
      "precision": 0.99581589958159,
      "recall": 0.9916666666666667,
      "f1": 0.9937369519832986
    }
  },
  "families": {
    "internal compliance drift": 80,
    "unmodeled object inertia": 80,
    "unexpected side contact": 80,
    "human bump during insertion": 80,
    "micro slip onset": 80,
    "benign texture mismatch": 80
  }
}